{"patch_size": 256, "augmentation": true, "num_gpus": 1, "num_workers": 8, "num_channel": 3, "EF": false, "epochs": 50, "batch_size": 4, "learning_rate": 0.001, "loss_function": "hybrid", "dataset_dir": "../../trainval/", "weight_dir": "./outputs/", "log_dir": "./log/", "validation_metrics": {"cd_losses": 0.9047103389166296, "cd_corrects": 88.4869709610939, "cd_precisions": 0.1556711531228098, "cd_recalls": 0.3713646986568407, "cd_f1scores": 0.1993233669726489, "learning_rate": 0.0010000000000000005}}