{"patch_size": 256, "augmentation": true, "num_gpus": 1, "num_workers": 8, "num_channel": 3, "EF": false, "epochs": 50, "batch_size": 4, "learning_rate": 0.001, "loss_function": "hybrid", "dataset_dir": "../../trainval/", "weight_dir": "./outputs/", "log_dir": "./log/", "validation_metrics": {"cd_losses": 1.0376019249670208, "cd_corrects": 88.71667832136154, "cd_precisions": 0.16019480356967225, "cd_recalls": 0.2973612950703738, "cd_f1scores": 0.1864912974066166, "learning_rate": 0.0010000000000000005}}